site,title,company_name,city,state,job_type,interval,min_amount,max_amount,job_url,description
indeed,Automation Engineer,AGRANA,Brecksville,OH,fulltime,,,,https://www.indeed.com/viewjob?jk=b482fd15e6d0a6b6,"Agrana Fruit is seeking a Corporate Automation Engineer to join the team! Agrana Fruit US, Inc., a global leader in the production of fruit preparations for the dairy industry, is seeking a Corporate Automation Specialist to ensure the reliability of all plant manufacturing automation infrastructure including, PLC’s, HMIs, PLC&HMI programming, SQL databases, SQL transactions, data logging, shop-floor Ethernet, automation servers, software deployment to support general plant automation, and all other processes as directed by the Head of Engineering that link manufacturing equipment to plant automation control and supervision. This position is the first line support for all production facilities. Corporate Automation Engineer Job Responsibilities: Ability to support all plant locations for emergency problem resolution. Understanding all facets of the shop-floor automation system. Maintain ongoing focus on the goal of improving systems to improve productivity, ease of use, and reporting effectiveness throughout all plant processes. Emphasis on quick response and resolution with high regard for service to users. Continuously seek to augment and improve core technical knowledge to be able to bring the most current technologies to bear for the benefit of the organization. Ever-expanding relationship building with plant personnel. Responsible for understanding the interaction of plant automation software and the plant ERP system. Corporate Automation Engineer Requirements: Bachelor’s Degree in Electrical Engineering, Computer Science, or other related work including Associate Degrees and significant work experience. Excellent and demonstrated broad factory automation and IT Technologies knowledge. (Rockwell Factory Talk Platform, Microsoft SQL) Read and understand Process and Instrumentation Diagrams (P&ID’s) and Electrical Drawings/Schematics. Develop Functional Specifications for PLC programming working with process engineers. Develop Electrical Drawings/Schematics utilizing AutoCAD. – with the understanding of wiring three-phase motors, analog, and digital devices, Ethernet, and device-net. Ethernet Network Setup and troubleshooting. Ability to support a remote site by phone, remote desktop, or VNC. Highly organized with time, documentation, and status reporting. Effective verbal/listening communication skills Strong analytical skills to assess plant requirements and translate into technical requirements. Strong troubleshooting and problem-solving skills. Ability to adapt and learn quickly in a high technology environment. Effective written communication skills. Technical knowledge of the Microsoft Office applications - Word, Excel, PowerPoint, Access, Outlook, Visio Lean manufacturing experience is a plus Ability to travel in the US Agrana Fruit offers a competitive salary and provides an excellent benefits package. We are proud to be able to say that our employee costs are some of the lowest in our industry! Benefits offered by Agrana are designed to promote wellness and the well-being of every Agrana employee. As an essential employer, AGRANA Fruit is committed to providing a SAFE environment for our employees, their families, and the communities in which we operate. All our sites remain open, and we have taken additional precautions to protect our workforce throughout the COVID pandemic. This includes sanitizing and disinfecting, employee screening, restricted access for visitors, and the availability of personal protective equipment for our employees. Job Type: Full-time Benefits: 401(k) matching Dental insurance Health insurance Life insurance Paid time off Education: Associate (Required) Experience: Ethernet Network Setup and troubleshooting: 2 years (Preferred) Microsoft Office: 3 years (Required) PLC & HMI Controls: 2 years (Preferred) Microsoft SQL: 2 years (Preferred) AutoCAD: 2 years (Preferred) Work Location: Hybrid remote in Brecksville, OH 44141"
indeed,Automation Engineer,Con-Vey,Roseburg,OR,fulltime,yearly,85000,55000,https://www.indeed.com/viewjob?jk=fc8a58e83ce87834,"Con-Vey has a Controls Engineer job opening available. Join our growing team in Roseburg, Oregon where you will work for our Electrical Engineering Manager to design and program automated industrial control systems. This is a team environment where we support one another. We’re looking for a hard-working professional who enjoys meeting challenges and surpassing customer expectations. If you are passionate about the work you do, take pride in doing the job well, and want a company that you can stay and grow with, then Con-Vey is for you! Duties & Responsibilities: Electrical/Mechanical knowledge and ability Troubleshoot electrical and mechanical systems Ability to use AutoCAD PLC programming (RS Logix) Travel required Skills & Qualifications: Excellent communication skills, both oral and written Excellent problem solving and analytical skills are required Proficiency with office software, especially MS Office (Excel, Word, Outlook) Ability to work independently and in groups High degree of attention to detail Must be high energy and be able to work in a fast-paced environment Mechanical Engineering, Mechatronics, or Electrical Engineering degree preferred Experience in wood products industry is a plus Benefits: Pay is dependent on experience 401k with company match Generous health, dental, and life insurance Paid vacation and holidays Job Type: Full-time Pay: $55,000.00 - $85,000.00 per year Benefits: 401(k) 401(k) matching Dental insurance Health insurance Life insurance Paid time off Vision insurance Experience level: Under 1 year Schedule: 8 hour shift Monday to Friday Overtime Work setting: In-person Manufacturing facility Education: Bachelor's (Preferred) Experience: PLC Programming: 1 year (Preferred) Electrical/Mechanical ability: 1 year (Preferred) Willingness to travel: 25% (Preferred) Work Location: In person"
indeed,Computer Engineer,Honeywell,,,fulltime,,,,https://www.indeed.com/viewjob?jk=5a1da623ee75ce36,"Join a team recognized for leadership, innovation and diversity The future is what you make it. When you join Honeywell, you become a member of our global team of thinkers, innovators, dreamers, and doers who make the things that make the future. That means changing the way we fly, fueling jets in an eco-friendly way, keeping buildings smart and safe and even making it possible to breathe on Mars. Working at Honeywell isn’t just about developing cool things. That’s why our employees enjoy access to dynamic career opportunities across different fields and industries. Are you ready to help us make the future? ABOUT THE ROLE: Join a team that designs, develops and integrates highly complex software applications within Honeywell. You will be a dynamic and integral member of a team to achieve the completion of goals. You will also generate innovative solutions in work situations; trying different and novel ways to deal with problems and opportunities. Use your skillset to provide value added software features to our products for our customers. Accelerate innovation and growth, teaming with the world's most talented engineers. We invite you to discover for yourself why a career with Honeywell is the opportunity you've been looking for! MINIMUM QUALIFICATIONS: Bachelor or Masters of Science degree in Engineering or Computer Science Must attain a Bachelor’s or Master's degree between December 2024 and August 2025 from an accredited college or university Must have obtained degree within 12 months of the date of hire WE VALUE Understanding various software development lifecycle Demonstrated ability to develop efficient and high-quality software Knowledge of software configuration management and change management practices Diverse and global teaming and partnership Excellent oral and written communication skills People who can quickly evaluate, incorporate and apply new information and concepts Ability to consistently make timely decisions even in the face of complexity, balancing systematic analysis with resoluteness Validated academic excellence (3.0 GPA and higher) HoneywellURNAM Additional Information JOB ID: req412188 Category: Engineering Location: United States Exempt Honeywell is an equal opportunity employer. Qualified applicants will be considered without regard to age, race, creed, color, national origin, ancestry, marital status, affectional or sexual orientation, gender identity or expression, disability, nationality, sex, religion, or veteran status."
indeed,Computer Engineer,Honeywell,,,fulltime,,,,https://www.indeed.com/viewjob?jk=7fadbb7c936fde69,"Join a team recognized for leadership, innovation and diversity The future is what you make it. When you join Honeywell, you become a member of our global team of thinkers, innovators, dreamers, and doers who make the things that make the future. That means changing the way we fly, fueling jets in an eco-friendly way, keeping buildings smart and safe and even making it possible to breathe on Mars. Working at Honeywell isn’t just about developing cool things. That’s why our employees enjoy access to dynamic career opportunities across different fields and industries. Are you ready to help us make the future? ABOUT THE ROLE: Join a team that designs, develops and integrates highly complex software applications within Honeywell. You will be a dynamic and integral member of a team to achieve the completion of goals. You will also generate innovative solutions in work situations; trying different and novel ways to deal with problems and opportunities. Use your skillset to provide value added software features to our products for our customers. Accelerate innovation and growth, teaming with the world's most talented engineers. We invite you to discover for yourself why a career with Honeywell is the opportunity you've been looking for! MINIMUM QUALIFICATIONS: Bachelor or Masters of Science degree in Engineering or Computer Science Must attain a Bachelor’s or Master's degree between December 2024 and August 2025 from an accredited college or university Must have obtained degree within 12 months of the date of hire Due to compliance with U.S. export control laws and regulations, candidate must be a U.S. citizen, U.S. permanent resident, or have asylum or refugee status in the U.S. WE VALUE Understanding various software development lifecycle Demonstrate the ability to develop efficient and high-quality software Knowledge of software configuration management and change management practices Diverse and global teaming and partnership Excellent oral and written communication skills Can quickly evaluate, incorporate and apply new information and concepts Ability to consistently make timely decisions even in the face of complexity, balancing systematic analysis with resoluteness Validated academic excellence (3.0 GPA and higher) HoneywellURNAM Additional Information JOB ID: req413280 Category: Engineering Location: United States Exempt Due to US export control laws, must be a US citizen, permanent resident or have protected status. Honeywell is an equal opportunity employer. Qualified applicants will be considered without regard to age, race, creed, color, national origin, ancestry, marital status, affectional or sexual orientation, gender identity or expression, disability, nationality, sex, religion, or veteran status."
indeed,Software Engineer,Adobe,San Jose,CA,fulltime,yearly,142700,73200,https://www.indeed.com/viewjob?jk=0f2dc9901fc74d64,"Our Company Changing the world through digital experiences is what Adobe’s all about. We give everyone—from emerging artists to global brands—everything they need to design and deliver exceptional digital experiences! We’re passionate about empowering people to create beautiful and powerful images, videos, and apps, and transform how companies interact with customers across every screen. We’re on a mission to hire the very best and are committed to creating exceptional employee experiences where everyone is respected and has access to equal opportunity. We realize that new ideas can come from everywhere in the organization, and we know the next big idea could be yours! The Opportunity Adobe is seeking talented and passionate Software Engineer across all organizations to help plan, design, develop, and test software systems or applications for software enhancements and new products used in local, networked, cloud-based or Internet-related computer programs and products. What You’ll Do Develop high-performance, reliable, testable and maintainable code. Participating in all aspects of software development activities, including design, coding, code review, testing, bug fixing, and code/API documentation. Collaborate with engineers and participate in daily or weekly stand ups and meetings. Grow with the support of your team and help others on the team grow by providing thoughtful feedback and uplifting those around you. Work both independently and collaboratively within a fast-paced development team, with clear, positive, and constructive communication. Additional responsibilities as needed based on specific role or team What You Need to Succeed Bachelor's or Master’s in Computer Science, Computer Engineering, Electrical Engineer, or equivalent experience required 0-1 + years of experience in relevant experience Proficient in programming languages such as Python, Java, C++ etc. Strong technical background with analytical and problem-solving skills Strong knowledge in Java or JavaScript and at least one other language like Python, C#, Ruby, PHP. Familiarity with client-side frameworks and libraries like React, Vue, Angular, jQuery. Excellent problem solving and debugging skills, and direct experience with DevOps in a SaaS environment is a plus. Customer focused and have real passion for quality and engineering excellence at scale. Excellent communication and collaboration skills. If you’re looking to make an impact, Adobe’s the place for you. Discover what our employees are saying about their career experiences on the Adobe Life blog and explore the meaningful benefits we offer. Adobe is an equal opportunity employer. We welcome and encourage diversity in the workplace regardless of race gender, sexual orientation, gender identity, disability or veteran status. Our compensation reflects the cost of labor across several U.S. geographic markets, and we pay differently based on those defined markets. The U.S. pay range for this position is $73,200 -- $142,700 annually. Pay within this range varies by work location and may also depend on job-related knowledge, skills, and experience. Your recruiter can share more about the specific salary range for the job location during the hiring process. At Adobe, for sales roles starting salaries are expressed as total target compensation (TTC = base + commission), and short-term incentives are in the form of sales commission plans. Non-sales roles starting salaries are expressed as base salary and short-term incentives are in the form of the Annual Incentive Plan (AIP). In addition, certain roles may be eligible for long-term incentives in the form of a new hire equity award. Adobe is proud to be an Equal Employment Opportunity and affirmative action employer. We do not discriminate based on gender, race or color, ethnicity or national origin, age, disability, religion, sexual orientation, gender identity or expression, veteran status, or any other applicable characteristics protected by law. Learn more. Adobe aims to make Adobe.com accessible to any and all users. If you have a disability or special need that requires accommodation to navigate our website or complete the application process, email accommodations@adobe.com or call (408) 536-3015. Adobe values a free and open marketplace for all employees and has policies in place to ensure that we do not enter into illegal agreements with other companies to not recruit or hire each other’s employees."
indeed,Software Engineer,Splunk,Remote,,fulltime,yearly,159500,116000,https://www.indeed.com/viewjob?jk=155495ca3f46d086,"A little about us. Splunk is the key to enterprise resilience for the 11,000+ organizations that use our Unified Security and Observability Platform. We regularly appear on a lot of “Best Places to Work” lists and we think it’s because we encourage our Splunkers to bring their whole, authentic selves. So bring your work experience, problem-solving skills and talent, of course, but also bring your joy, your passion and all the things that make you, you. Because when you feel free to be you, it makes it a lot easier for us to be us. Join us as we pursue our innovative vision to make machine data accessible, usable and valuable to everyone. We are a company filled with people who are passionate about our product and seek to deliver the best experience for our customers. At Splunk, we’re committed to our work, our customers, having fun and most meaningfully, to each other’s success. Learn more about Splunk careers and how you can become a part of our journey! Are you passionate about working on critical systems to create tangible customer impact? Would you like the opportunity to work at a growing company that is changing the way that information is used to support business decisions? If this resonates with you, we would love to speak with you. Our team is a dynamic technology group with a mission to make data accessible, usable and valuable to everyone. If you possess a passion for outstanding technology leadership and embrace the challenge of working on highly scalable systems that handle large volumes of data, this position is for you. We are building state-of-the art capabilities, data processing and search systems, support tools, security frameworks and automation instrumentation that will greatly impact how our customers successfully use data to improve their businesses performance, scalability, profitability, and market strategies. Role Participate in the complete software development cycle: Understand requirements, design, develop, test, automate and deploy software Identify and resolve pre-production system bottlenecks and production issues Engage in design and code reviews of the product, and enhance your knowledge of customers’ experiences to prevent future problems Make code maintainable and the product diagnosable and serviceable Participate in rotating on-call duties to diagnose and solve customer issues. Own features from start to finish; Mentor junior engineers Requirements Strong fundamentals in software engineering: data structures and algorithms Coding proficiency in one or more of the following languages with the ability to quickly learn new languages: Java, Go, Python, C++ Experience in working on distributed systems like databases, distributed file systems, distributed concurrency control, consistency models, CAP theorem is an added plus. Strong debugging and troubleshooting skills including the use of associated tools Experience with developing CI/CD systems, test automation frameworks, Ability to document your work for the benefit of the team Knowledge of REST, grpc or similar communication paradigms Knowledge of public cloud services such as AWS, GCP, Azure Operational excellence: you think beyond feature delivery into how your code is serving customers in production What we offer A team of incredibly capable and dedicated peers, all the way from engineering to product management and customer support. A stable, collaborative, and supportive work environment. We work in an open environment, work together to get things done, and adapt to the changing needs for the team. We keep it real by being open and honest. Balance. We want you to be successful outside of work too. We trust our colleagues to be responsible with their time and commitment, and believe that balance helps cultivate a positive environment. Fun. We are committed to having every employee want to give it their all, be respectful and a part of the family, and have a smile on their face while doing it. Splunk is an Equal Opportunity Employer At Splunk, we believe creating a culture of belonging isn’t just the right thing to do; it’s also the smart thing. We prioritize diversity, equity, inclusion, and belonging to ensure our employees are supported to bring their best, most authentic selves to work where they can thrive. Qualified applicants receive consideration for employment without regard to race, religion, color, national origin, ancestry, sex, gender, gender identity, gender expression, sexual orientation, marital status, age, physical or mental disability or medical condition, genetic information, veteran status, or any other consideration made unlawful by federal, state, or local laws. We consider qualified applicants with criminal histories, consistent with legal requirements. Note: Splunk provides flexibility and choice in the working arrangement for most roles, including remote and/or in-office roles. We have a market-based pay structure which varies by location. Please note that the base pay range is a guideline and for candidates who receive an offer, the base pay will vary based on factors such as work location as set out below, as well as the knowledge, skills and experience of the candidate. In addition to base pay, this role is eligible for incentive compensation and may be eligible for equity or long-term cash awards. Benefits are an important part of Splunk's Total Rewards package. This role is eligible for a competitive benefits package which includes medical, dental, vision, a 401(k) plan and match, paid time off, an ESPP and much more! Learn more about our comprehensive benefits and wellbeing offering at https://splunkbenefits.com. Base Pay Range SF Bay Area, Seattle Metro, and New York City Metro Area Base Pay Range: $136,000.00 - 187,000.00 per year California (excludes SF Bay Area), Washington (excludes Seattle Metro), Washington DC Metro, and Massachusetts Base Pay Range: $124,000.00 - 170,500.00 per year All other cities and states excluding California, Washington, Massachusetts, New York City Metro Area and Washington DC Metro Area. Base Pay Range: $116,000.00 - 159,500.00 per year"
indeed,Lead Engineer,GE,Cincinnati,OH,,,,,https://www.indeed.com/viewjob?jk=279fa6ad89958a2b,"Job Description Summary Activities contributing to the design and development of products, solutions, and systems. Focus of this job is around life methods & mission analysis and supporting the life management and engineering teams. Includes activities linked to technical improvement of existing products and components along with new product introductions. The role has some autonomy but is focused on execution of activities within an operating discipline covered by standard functional practices and procedures. Some judgment may be required but this is typically with guidance. Job Description Roles and Responsibilities Execute the design, analysis, or evaluation of assigned projects using sound engineering principles and adhering to business standards, practices, procedures, and product / program requirements. This work will be centered around life methods and mission analysis. Closely coordinate with the life mgmt and engineering teams, for both fielded and new production introduction applications Developing in-depth knowledge of a technical discipline, specifically mission analysis and life methods. Uses prior experience and acquired technical expertise to execute policy/strategy. In-depth understanding of key business drivers; uses this understanding to accomplish own work. In-depth understanding of how work of own team integrates with other teams and contributes to the area. Uses some level of judgment and has ability to propose different solutions outside of set parameters but with guidance. Uses prior experience and on-the-job training to solve straightforward tasks. Has access to technical skills and analytic thinking required to solve problems. May use multiple internal sources outside of own team to arrive at decisions. A job at this level is likely to be an individual contributor with proven interpersonal skills or an early people leader who can hire and develop talent. Provides informal guidance to new team members Required Qualifications Bachelor's degree in engineering from an accredited university or college Minimum of 3 years of experience in design engineering Desired Characteristics Strong oral and written communication skills. Demonstrated ability to analyze and resolve problems. Ability to document, plan, market, and execute programs. Established project management skills. Experience with Python This role is restricted to U.S. persons (i.e., U.S. citizens, permanent residents, and other protected individuals under the Immigration and Naturalization Act, 8 U.S.C. 1324b(a)(3)) due to access to export-controlled technology. GE will require proof of status prior to employment. Additional Information GE offers a great work environment, professional development, challenging careers, and competitive compensation. GE is an Equal Opportunity Employer. Employment decisions are made without regard to race, color, religion, national or ethnic origin, sex, sexual orientation, gender identity or expression, age, disability, protected veteran status or other characteristics protected by law. GE will only employ those who are legally authorized to work in the United States for this opening. Any offer of employment is conditioned upon the successful completion of a drug screen (as applicable). Relocation Assistance Provided: Yes"
indeed,Automation Engineer,Daifuku ELS,Garner,NC,fulltime,hourly,60,37,https://www.indeed.com/viewjob?jk=d1ea8b4bc51c9c04,"Automation & Controls Engineer Elite Line Services provides world class Maintenance Solutions under the umbrella of our parent company Daifuku, an international leader in the Manufacturing and Integration of Material Handling Equipment including conveyors, sorters, pickers and robotics. We are looking for an experienced Automation & Controls Engineer to focus on maximizing equipment reliability and operational performance of equipment such as conveyors, sortation systems, scanners, cameras, print and apply systems, and SCADA devices and programs in the Garner, NC location! This is a Six Figure Opportunity and Relocation Assistance is provided! Please note that a Bachelor’s Degree is a minimum requirement. Duties include: · Coordinate and plan work activities for the Control Systems Techs/Leads to accomplish goals and objectives of North America Customer Fulfillment teams · Work closely with FC Operations, Operations Engineering, FC Start up Team, AFT Software teams, ACES team, and Safety in supporting MHE systems optimization and project implementation · Understand, maintain and troubleshoot material handling control systems, including PLC/PC controllers and industrial networks such as Ethernet, ControlNet, DeviceNet, Profibus, motor control systems, servo drives, frequency drives, and electrical distribution systems · Monitor MHE metrics and partner with maintenance/operations for system performance issues and provide analysis across all FC's · Act as first level escalation support for the Control Systems Techs/Leads, during and after business hours, troubleshooting locally and remotely and repair all hardware or controls software systems within the building · Appropriately escalate downtime situations to vendors or headquarters for support to restore equipment operation. · Mentor CSTs and CSLs within your assigned building · Facilitate Failure Analysis and Incident Review processes and implement process improvements or retraining to avoid future incidents · Apply subject matter expertise in material handling and electronic systems to maximize building utilization of systems · Perform, Utilize, and provide analysis FC System Assessments to assess material handling system performance · Partner with FC Operations leadership, equipment vendors and parts suppliers to plan and coordinate new technology installations. Act as the technical consultant for capital projects inside the building · Utilize FC network support resources for guidance and assistance, and provide assistance to peers, as needed · Communicate technical issues and project timelines with building leadership, operations and the maintenance team. Explain production impacts · Assist with skill assessments for the Technical positions within NACF Maintenance teams · Handle flexible workload which may come from management or FC operations · Participate in AE conference calls and coordinate with AE central team to complete all tasks required · Provide weekly site controls reliability information to AE central team Requirements include: 1. Bachelor’s Degree in Electrical or Mechanical Engineering, Engineering Technology, or other related engineering field 2. Experience with electrical theory, Robotics, Controls components, automated equipment 3. Knowledge on programming software such as RSLogix5000 studio, FT View, and other controls software platforms 4. Knowledge of Robotics work cells and its control systems 5. Experience identifying, maintaining, troubleshooting, programming, and designing HMI and control network components 6. Experience identifying, maintaining, troubleshooting, and modifying Motor Controls including motor starters, Variable Frequency Drives, DC drives, and standard electrical components 7. Industrial electrical hands-on experience and troubleshooting, including 480V 3-phase, 110 VAC, and 24VDC systems 8. Knowledge or Warehouse Management System Software Concepts and messaging protocols 9. Experience interpreting, modifying, and developing mechanical and electrical drawings 10. Experience identifying, maintaining, and utilizing SCADA systems and KPIs We strive to provide our clients with Best in Class Facility Maintenance Solutions. If you would like to be a part of a team bringing that service to one of the most recognizable companies in the world please Apply Now! Elite Line Services (ELS) is an Affirmative Action/Equal Opportunity Employer. All qualified applicants will receive consideration for employment without regard to their race, color, gender identity, religion, ancestry, national origin, sex, sexual orientation, age, disability, marital status, veteran status or medical condition. If you are an individual with a disability and would like to request a reasonable accommodation as part of the employment selection process, please contact elshr@elitelineservicescom. This email address is reserved solely for job seekers with disabilities requesting accessibility assistance or an accommodation in the job application process. Please do not call about the status of your job application if you do not require accessibility assistance or an accommodation. Messages left for other purposes, such as following up on an application or non-disability related technical issues, will not receive a response. Job Type: Full-time Pay: $37.55 - $60.71 per hour Benefits: 401(k) Dental insurance Employee assistance program Health insurance Health savings account Life insurance Paid time off Tuition reimbursement Vision insurance Schedule: 8 hour shift Education: Bachelor's (Required) Experience: Allen Bradley: 2 years (Preferred) Work Location: In person"
indeed,Software Engineer,Adobe,San Jose,CA,fulltime,yearly,161000,92100,https://www.indeed.com/viewjob?jk=abb4d1151ac8d21a,"Our Company Changing the world through digital experiences is what Adobe’s all about. We give everyone—from emerging artists to global brands—everything they need to design and deliver exceptional digital experiences! We’re passionate about empowering people to create beautiful and powerful images, videos, and apps, and transform how companies interact with customers across every screen. We’re on a mission to hire the very best and are committed to creating exceptional employee experiences where everyone is respected and has access to equal opportunity. We realize that new ideas can come from everywhere in the organization, and we know the next big idea could be yours! The Opportunity Adobe is seeking talented and passionate Software Engineer across all organizations to help plan, design, develop, and test software systems or applications for software enhancements and new products used in local, networked, cloud-based or Internet-related computer programs and products. What You’ll Do Develop high-performance, reliable, testable and maintainable code. Participating in all aspects of software development activities, including design, coding, code review, testing, bug fixing, and code/API documentation. Collaborate with engineers and participate in daily or weekly stand ups and meetings. Grow with the support of your team and help others on the team grow by providing thoughtful feedback and uplifting those around you. Work both independently and collaboratively within a fast-paced development team, with clear, positive, and constructive communication. Additional responsibilities as needed based on specific role or team What You Need to Succeed Bachelor's or Master’s in Computer Science, Computer Engineering, Electrical Engineer, or equivalent experience required 0-1 + years of experience in relevant experience Proficient in programming languages such as Python, Java, C++ etc. Strong technical background with analytical and problem-solving skills Strong knowledge in Java or JavaScript and at least one other language like Python, C#, Ruby, PHP. Familiarity with client-side frameworks and libraries like React, Vue, Angular, jQuery. Excellent problem solving and debugging skills, and direct experience with DevOps in a SaaS environment is a plus. Customer focused and have real passion for quality and engineering excellence at scale. Excellent communication and collaboration skills. If you’re looking to make an impact, Adobe’s the place for you. Discover what our employees are saying about their career experiences on the Adobe Life blog and explore the meaningful benefits we offer. Adobe is an equal opportunity employer. We welcome and encourage diversity in the workplace regardless of race gender, sexual orientation, gender identity, disability or veteran status. Our compensation reflects the cost of labor across several U.S. geographic markets, and we pay differently based on those defined markets. The U.S. pay range for this position is $92,100 -- $161,000 annually. Pay within this range varies by work location and may also depend on job-related knowledge, skills, and experience. Your recruiter can share more about the specific salary range for the job location during the hiring process. At Adobe, for sales roles starting salaries are expressed as total target compensation (TTC = base + commission), and short-term incentives are in the form of sales commission plans. Non-sales roles starting salaries are expressed as base salary and short-term incentives are in the form of the Annual Incentive Plan (AIP). In addition, certain roles may be eligible for long-term incentives in the form of a new hire equity award. Adobe is proud to be an Equal Employment Opportunity and affirmative action employer. We do not discriminate based on gender, race or color, ethnicity or national origin, age, disability, religion, sexual orientation, gender identity or expression, veteran status, or any other applicable characteristics protected by law. Learn more. Adobe aims to make Adobe.com accessible to any and all users. If you have a disability or special need that requires accommodation to navigate our website or complete the application process, email accommodations@adobe.com or call (408) 536-3015. Adobe values a free and open marketplace for all employees and has policies in place to ensure that we do not enter into illegal agreements with other companies to not recruit or hire each other’s employees."
indeed,Software Engineer,Workiva,Remote,,,yearly,134000,79000,https://www.indeed.com/viewjob?jk=ec3ab6eb9253488e,"Are you ready to embark on an exciting journey with one of the leading companies in the software industry? Look no further—Workiva is seeking a talented Software Engineer to join our exceptional engineering teams. If you have a passion for technology, a hunger for growth, and a desire to make an impact, this could be the perfect opportunity for you! At Workiva, we value strong potential and the eagerness to learn and develop. We believe that attitude and aptitude are paramount, and we prioritize your growth as a professional. Whether you're a seasoned developer or have just started your career, we welcome individuals with diverse levels of experience. In this role, you will have the chance to work with cutting-edge technologies and contribute to our robust tech stack, including Golang, Java, React, and Dart. Don't worry if you don't have experience with these specific languages—we are language agnostic and value your appetite for learning over specific technologies listed on your resume. Just a heads up, this job posting is a bit of a catch-all and isn't tailored to any specific team. We want to be upfront and transparent about that before you dive in. What You'll Do Collaborate with our talented engineering teams to develop innovative software solutions Design, implement, and maintain high-quality code, ensuring scalability, performance, and maintainability Participate in code reviews and provide constructive feedback to your peers Explore new technologies and techniques to continually enhance our products and processes Contribute to an inclusive and collaborative work environment that fosters creativity and growth What You'll Need Typically requires a Bachelor’s degree and a minimum of 2 years of related experience; or an advanced degree without experience Proficiency in at least one programming language Strong problem-solving skills and a knack for troubleshooting Curiosity and a growth mindset, always seeking opportunities to expand your knowledge and skills How You’ll Be Rewarded: Salary range in the US: $79,000.00 - $134,000.00 A discretionary bonus typically paid annually Restricted Stock Units granted at time of hire 401(k) match and comprehensive employee benefits package The salary range represents the low and high end of the salary range for this job in the US. Minimums and maximums may vary based on location. The actual salary offer will carefully consider a wide range of factors, including your skills, qualifications, experience and other relevant factors. Where You’ll Work Our values drive how we work and who we hire. You will see these values ingrained in how we support our customers, work with team members, build our products and in the work environment we’ve created. Customer Success: Always delight our customers. Trust: Rely on each other. Integrity: Do the right thing, every time. Collaboration: Share resources and work together. Innovation: Keep creating solutions and finding better ways. Inclusion: Support a diverse community where we all belong. Accountability: Be responsible for your success and failure. We believe our people are our greatest asset, and our unique culture gives employees the opportunity to make an impact everyday. We give our employees the freedom and resources they need—backed by our culture of collaboration and diverse thought—to continue innovating and breaking new ground. We hire talented people with a wide range of skills and experiences who are eager to tackle some of today’s most challenging problems. At Workiva, you’ll enjoy: Fantastic Benefits: With coverage starting day one, choose from competitive health, dental, and vision plans on the largest physician networks available. Casual Dress: Workiva has a casual work environment, most people wear jeans to the office. Involvement: Ability to participate in Business Employee Resource Groups (Black, Hispanic, Asian, Women, Rainbow (LGBTQIA+), Veterans, Disabilities), Volunteering, Company wide celebrations, and more Work-life Balance: We have competitive PTO, VTO and Parental Leave. We encourage employees to spend time enjoying life outside of work. Learn more about life at Workiva: https://www.linkedin.com/company/workiva/ Learn more about benefits: https://www.workiva.com/careers/benefits Workiva is an Equal Employment Opportunity and Affirmative Action Employer. We believe that great minds think differently. We value diversity of backgrounds, beliefs, and interests, and we recognize diversity as an important source of intellectual thought, varied perspective, and innovation. Employment decisions are made without regard to age, race, creed, color, religion, sex, national origin, ancestry, disability status, veteran status, sexual orientation, gender identity or expression genetic information, marital status, citizenship status or any other protected characteristic. We strongly encourage and welcome people from historically marginalized groups to apply. Workiva is committed to working with and providing reasonable accommodations to applicants with disabilities. To request assistance with the application process, please email talentacquisition@workiva.com . Workiva supports employees in working where they work best - either from an office or remotely from any location within their country of employment. #LI-HS1"
linkedin,Software Engineer,Fieldguide,San Francisco,CA,fulltime,yearly,,,https://www.linkedin.com/jobs/view/3696158160,"About us:Fieldguide is establishing a new state of trust for global commerce and capital markets through automating and streamlining the work of assurance and audit practitioners specifically within cybersecurity, privacy, and ESG (Environmental, Social, Governance). Put simply, we build software for the people who enable trust between businesses.‍We’re based in San Francisco, CA, but built as a remote-first company that enables you to do your best work from anywhere. We're backed by top investors including 8VC, Floodgate, Y Combinator, DNX Ventures, Global Founders Capital, Justin Kan, Eric Ries, and more.We value diversity — in backgrounds and in experiences. We need people from all backgrounds and walks of life to help build the future of audit and advisory. Fieldguide’s team is inclusive, driven, humble and supportive. We are deliberate and self-reflective about the kind of team and culture that we are building, seeking teammates that are not only strong in their own aptitudes but care deeply about supporting each other's growth.As an early stage start-up employee, you’ll have the opportunity to build out the future of business trust. We make audit practitioners’ lives easier by eliminating up to 50% of their work and giving them better work-life balance. If you share our values and enthusiasm for building a great culture and product, you will find a home at Fieldguide.As a Software Engineer at Fieldguide, you’ll be an early member of the team, taking a front-row seat as we build both the company and the engineering organization to tackle the massive and archaic audit and advisory industry.ResponsibilitiesBe a core technical contributor at a Series A-stage company as it scalesContribute to the end-to-end development of featuresBring a mindset of continuous improvement to your workYou’ll Need To Have Experience With The FollowingModern web tech stacks consisting of several of the following: TypeScript, React, GraphQL, NodeJS, Hasura, Postgres, and AWSTest and automation tools like Jest and CypressDevOps and continuous integration/delivery best practicesInformation security best practicesCollaborating on all aspects of product strategy and UXShaping a young tech stack, product, and engineering organizationMore about Fieldguide:Fieldguide is a values-based company. Our values are:Fearless - Inspire & break down seemingly impossible walls. Fast - Launch fast with excellence, iterate to perfection. Lovable - Deliver happiness & 11 star experiences. Owners - Execute & run the business with ownership. Win-win - Create mutual value & earn trust for life. Inclusive - Scale the best ideas with inclusive teams. Some of our benefits include: Competitive compensation packages with meaningful ownershipUnlimited PTOWellness benefits, including a bundle of free therapy sessions401kTechnology & Work from Home reimbursementFlexible work schedulesCompensation Range: $120K - $200K"
linkedin,Software Engineer - Early Career,Lockheed Martin,Sunnyvale,CA,fulltime,yearly,,,https://www.linkedin.com/jobs/view/3693012711,"Description:By bringing together people that use their passion for purposeful innovation, at Lockheed Martin we keep people safe and solve the world's most complex challenges. Our people are some of the greatest minds in the industry and truly make Lockheed Martin a great place to work.With our employees as our priority, we provide diverse career opportunities designed to propel development and boost agility. Our flexible schedules, competitive pay, and comprehensive benefits enable our employees to live a healthy, fulfilling life at and outside of work.At Lockheed Martin, we place an emphasis on empowering our employees by fostering innovation, integrity, and exemplifying the epitome of corporate responsibility.Your Mission is Ours.Lockheed Martin Space in Sunnyvale, CA is seeking a full-time Early Career Software Engineer. In this role, you will implement software for controlling a variety of hardware systems. This would include working with Subject Matter Experts to implement software to meet expected subsystem behaviors, software testing to verify expectations have been met, and integration of implemented software into the final product. The successful candidate will have experience and/or knowledge of C/C++, familiar with software development lifecycle (Design, Implementation, Unit Test, Integration, Documentation), and Git.Must be a US Citizen; this position will require obtaining a government security clearance. This position is located at a facility that requires special access.Basic QualificationsBachelors or Masters degree in Computer Science, Computer Engineering or Electrical Engineering with Computer Science and Computer Engineering studies or other related discipline from an accredited college/university.This position requires special access to support the program and requires the selected candidate to be a US Citizen.Desired SkillsC/C++Familiar with software development lifecycle (Design, Implementation, Unit Test, Integration, Documentation), and Git.Security Clearance Statement: This position requires a government security clearance, you must be a US Citizen for consideration.Clearance Level: TS/SCI w/PolyOther Important Information You Should KnowExpression of Interest: By applying to this job, you are expressing interest in this position and could be considered for other career opportunities where similar skills and requirements have been identified as a match. Should this match be identified you may be contacted for this and future openings.Ability to Work Remotely: Onsite Full-time: The work associated with this position will be performed onsite at a designated Lockheed Martin facility.Work Schedules: Lockheed Martin supports a variety of alternate work schedules that provide additional flexibility to our employees. Schedules range from standard 40 hours over a five day work week while others may be condensed. These condensed schedules provide employees with additional time away from the office and are in addition to our Paid Time off benefits.Schedule for this Position: 9x80 every other Friday offPay RateThe annual base salary range for this position in California or New York City is $66,500 - $125,300. Please note that the salary information is a general guideline only. Lockheed Martin considers factors such as (but not limited to) scope and responsibilities of the position, candidate’s work experience, education/ training, key skills as well as market and business considerations when extending an offer.Benefits offered: Medical, Dental, Vision, Life Insurance, Short-Term Disability, Long-Term Disability, 401(k) match, Flexible Spending Accounts, EAP, Education Assistance, Parental Leave, Paid time off, and Holidays.This position is incentive plan eligible.Lockheed Martin is an Equal Opportunity/Affirmative Action Employer. All qualified applicants will receive consideration for employment without regard to race, color, religion, sex, pregnancy, sexual orientation, gender identity, national origin, age, protected veteran status, or disability status.At Lockheed Martin, we use our passion for purposeful innovation to help keep people safe and solve the world's most complex challenges. Our people are some of the greatest minds in the industry and truly make Lockheed Martin a great place to work.With our employees as our priority, we provide diverse career opportunities designed to propel, develop, and boost agility. Our flexible schedules, competitive pay, and comprehensive benefits enable our employees to live a healthy, fulfilling life at and outside of work. We place an emphasis on empowering our employees by fostering an inclusive environment built upon integrity and corporate responsibility.If this sounds like a culture you connect with, you’re invited to apply for this role. Or, if you are unsure whether your experience aligns with the requirements of this position, we encourage you to search on Lockheed Martin Jobs, and apply for roles that align with your qualifications.Experience Level: 4 yr and up CollegeBusiness Unit: SPACERelocation Available: PossibleCareer Area: Software EngineeringType: Full-TimeShift: First"
linkedin,Software Engineer - Early Career,Lockheed Martin,Edwards,CA,fulltime,yearly,,,https://www.linkedin.com/jobs/view/3700669785,"Description:By bringing together people that use their passion for purposeful innovation, at Lockheed Martin we keep people safe and solve the world's most complex challenges. Our people are some of the greatest minds in the industry and truly make Lockheed Martin a great place to work. With our employees as our priority, we provide diverse career opportunities designed to propel development and boost agility. Our flexible schedules, competitive pay, and comprehensive benefits enable our employees to live a healthy, fulfilling life at and outside of work. At Lockheed Martin, we place an emphasis on empowering our employees by fostering innovation, integrity, and exemplifying the epitome of corporate responsibility. Your Mission is Ours.Lockheed Martin Aeronautics is seeking a full-time Early Career Software Engineer. In this role, you will be responsible for developing and maintaining various systems from concept through delivery. The successful candidate will have experience and/or knowledge of software requirements analysis, design and development.Must be a U.S. Citizen; this position will require a government security clearance. This position is located at a facility that requires special access.Basic Qualifications Bachelor Degree in Software Engineering, Computer Science, Computer Engineering or Electrical Engineering with a Computer Science minor Familiar with software design/development/test Must be a U.S. Citizen; this position will require a government security clearance. This position is located at a facility that requires special access.Desired Skills Familiar with Object-Oriented Analysis (OOA) / Object-Oriented Design (OOD) techniques Excellent written and verbal communication skills Ability to work in a collaborative and team-based environment Proficient with Microsoft OfficeSecurity Clearance Statement: This position requires a government security clearance, you must be a US Citizen for consideration.Clearance Level: SecretOther Important Information You Should KnowExpression of Interest: By applying to this job, you are expressing interest in this position and could be considered for other career opportunities where similar skills and requirements have been identified as a match. Should this match be identified you may be contacted for this and future openings.Ability to Work Remotely: Onsite Full-time: The work associated with this position will be performed onsite at a designated Lockheed Martin facility.Work Schedules: Lockheed Martin supports a variety of alternate work schedules that provide additional flexibility to our employees. Schedules range from standard 40 hours over a five day work week while others may be condensed. These condensed schedules provide employees with additional time away from the office and are in addition to our Paid Time off benefits.Schedule for this Position: 4x10 hour day, 3 days off per weekPay RateThe annual base salary range for this position in California or New York City is $66,500 - $125,300. Please note that the salary information is a general guideline only. Lockheed Martin considers factors such as (but not limited to) scope and responsibilities of the position, candidate’s work experience, education/ training, key skills as well as market and business considerations when extending an offer.Benefits offered: Medical, Dental, Vision, Life Insurance, Short-Term Disability, Long-Term Disability, 401(k) match, Flexible Spending Accounts, EAP, Education Assistance, Parental Leave, Paid time off, and Holidays.This position is incentive plan eligible.Lockheed Martin is an Equal Opportunity/Affirmative Action Employer. All qualified applicants will receive consideration for employment without regard to race, color, religion, sex, pregnancy, sexual orientation, gender identity, national origin, age, protected veteran status, or disability status.At Lockheed Martin, we use our passion for purposeful innovation to help keep people safe and solve the world's most complex challenges. Our people are some of the greatest minds in the industry and truly make Lockheed Martin a great place to work.With our employees as our priority, we provide diverse career opportunities designed to propel, develop, and boost agility. Our flexible schedules, competitive pay, and comprehensive benefits enable our employees to live a healthy, fulfilling life at and outside of work. We place an emphasis on empowering our employees by fostering an inclusive environment built upon integrity and corporate responsibility.If this sounds like a culture you connect with, you’re invited to apply for this role. Or, if you are unsure whether your experience aligns with the requirements of this position, we encourage you to search on Lockheed Martin Jobs, and apply for roles that align with your qualifications.Experience Level: 4 yr and up CollegeBusiness Unit: AERONAUTICS COMPANYRelocation Available: YesCareer Area: Software EngineeringType: Full-TimeShift: First"
linkedin,Software Engineer - Early Career,Lockheed Martin,Fort Worth,TX,fulltime,yearly,,,https://www.linkedin.com/jobs/view/3701769637,"Description:By bringing together people that use their passion for purposeful innovation, at Lockheed Martin we keep people safe and solve the world's most complex challenges. Our people are some of the greatest minds in the industry and truly make Lockheed Martin a great place to work. With our employees as our priority, we provide diverse career opportunities designed to propel development and boost agility. Our flexible schedules, competitive pay, and comprehensive benefits enable our employees to live a healthy, fulfilling life at and outside of work. At Lockheed Martin, we place an emphasis on empowering our employees by fostering innovation, integrity, and exemplifying the epitome of corporate responsibility. Your Mission is Ours.Lockheed Martin Aeronautics is seeking a full-time Early Career DevSecOps Software Engineer. In this role, you will be supporting multiple lines of business (including ADP, F-35, F-22, and F-16) with software build automation and enhancement efforts. You will also be supporting and developing build infrastructure and providing guidance on implementation and integration of tools into this environment. The successful candidate will have experience and/or knowledge of Python, C++ and/or Java and be knowledgeable of CI tools, such as Jenkins, Git or Bitbucket.Must be a U.S. Citizen; this position will require a government security clearance. This position is located at a facility that requires special access.Basic Qualifications Bachelor's degree or above from an accredited college/university in Software Engineering, Computer Science, Electrical Engineering or a related STEM discipline Experience programming in Python, C++, and/or Java Must be a U.S. Citizen; this position will require a government security clearance. This position is located at a facility that requires special access.Desired Skills Experience with Agile sotware development methodologies Experience developing software on Linux Experience with DevOps Strong interpersonal and collaboration skills Ability to work independently, as well as with other teamsSecurity Clearance Statement: This position requires a government security clearance, you must be a US Citizen for consideration.Clearance Level: SecretOther Important Information You Should KnowExpression of Interest: By applying to this job, you are expressing interest in this position and could be considered for other career opportunities where similar skills and requirements have been identified as a match. Should this match be identified you may be contacted for this and future openings.Ability to Work Remotely: Onsite Full-time: The work associated with this position will be performed onsite at a designated Lockheed Martin facility.Work Schedules: Lockheed Martin supports a variety of alternate work schedules that provide additional flexibility to our employees. Schedules range from standard 40 hours over a five day work week while others may be condensed. These condensed schedules provide employees with additional time away from the office and are in addition to our Paid Time off benefits.Schedule for this Position: 4x10 hour day, 3 days off per weekLockheed Martin is an Equal Opportunity/Affirmative Action Employer. All qualified applicants will receive consideration for employment without regard to race, color, religion, sex, pregnancy, sexual orientation, gender identity, national origin, age, protected veteran status, or disability status.At Lockheed Martin, we use our passion for purposeful innovation to help keep people safe and solve the world's most complex challenges. Our people are some of the greatest minds in the industry and truly make Lockheed Martin a great place to work.With our employees as our priority, we provide diverse career opportunities designed to propel, develop, and boost agility. Our flexible schedules, competitive pay, and comprehensive benefits enable our employees to live a healthy, fulfilling life at and outside of work. We place an emphasis on empowering our employees by fostering an inclusive environment built upon integrity and corporate responsibility.If this sounds like a culture you connect with, you’re invited to apply for this role. Or, if you are unsure whether your experience aligns with the requirements of this position, we encourage you to search on Lockheed Martin Jobs, and apply for roles that align with your qualifications.Experience Level: 4 yr and up CollegeBusiness Unit: AERONAUTICS COMPANYRelocation Available: YesCareer Area: Software EngineeringType: Full-TimeShift: First"
linkedin,Software Engineer - Early Career,Lockheed Martin,Fort Worth,TX,fulltime,yearly,,,https://www.linkedin.com/jobs/view/3701775201,"Description:By bringing together people that use their passion for purposeful innovation, at Lockheed Martin we keep people safe and solve the world's most complex challenges. Our people are some of the greatest minds in the industry and truly make Lockheed Martin a great place to work. With our employees as our priority, we provide diverse career opportunities designed to propel development and boost agility. Our flexible schedules, competitive pay, and comprehensive benefits enable our employees to live a healthy, fulfilling life at and outside of work. At Lockheed Martin, we place an emphasis on empowering our employees by fostering innovation, integrity, and exemplifying the epitome of corporate responsibility. Your Mission is Ours.Lockheed Martin Aeronautics in Fort Worth, Texas is seeking a full-time Early Career Software Engineer. In this role, you will will span the software development lifecycle, including requirements generation, system and software design and implementation, and integration and test. The successful candidate will have experience and/or knowledge of supporting design and creating software solutions based on limited information on rapidly evolving projects. Must be able to clearly communicate and share design decisions to the team. This role requires a highly motivated, organized engineer with the desire to take on challenging assignments.Must be a US Citizen; this position will require a government security clearance. This position is located at a facility that requires special access.Basic Qualifications Bachelor's degree in Computer Science or Computer Engineering. Other Engineering degrees considered with significant engineering software development experience. Experience with a programming language, such as C/C++, Python, or JavaMust be a US Citizen; this position will require a government security clearance. This position is located at a facility that requires special access.Desired Skills Agile Software Development (e.g. Scrum, Kanban) Agile Process Tools (e.g. JIRA) Software Development Tools (e.g. Visual Studio) Software Configuration Management (e.g. git, bitbucket) Software and systems design and integration Candidate must be dedicated, self-motivated, work well with other engineers, and be willing to accomplish program goals within cost and schedule.Security Clearance Statement: This position requires a government security clearance, you must be a US Citizen for consideration.Clearance Level: SecretOther Important Information You Should KnowExpression of Interest: By applying to this job, you are expressing interest in this position and could be considered for other career opportunities where similar skills and requirements have been identified as a match. Should this match be identified you may be contacted for this and future openings.Ability to Work Remotely: Onsite Full-time: The work associated with this position will be performed onsite at a designated Lockheed Martin facility.Work Schedules: Lockheed Martin supports a variety of alternate work schedules that provide additional flexibility to our employees. Schedules range from standard 40 hours over a five day work week while others may be condensed. These condensed schedules provide employees with additional time away from the office and are in addition to our Paid Time off benefits.Schedule for this Position: 4x10 hour day, 3 days off per weekLockheed Martin is an Equal Opportunity/Affirmative Action Employer. All qualified applicants will receive consideration for employment without regard to race, color, religion, sex, pregnancy, sexual orientation, gender identity, national origin, age, protected veteran status, or disability status.Join us at Lockheed Martin, where your mission is ours. Our customers tackle the hardest missions. Those that demand extraordinary amounts of courage, resilience and precision. They’re dangerous. Critical. Sometimes they even provide an opportunity to change the world and save lives. Those are the missions we care about.As a leading technology innovation company, Lockheed Martin’s vast team works with partners around the world to bring proven performance to our customers’ toughest challenges. Lockheed Martin has employees based in many states throughout the U.S., and Internationally, with business locations in many nations and territories.Experience Level: 4 yr and up CollegeBusiness Unit: AERONAUTICS COMPANYRelocation Available: YesCareer Area: Software EngineeringType: Full-TimeShift: First"
linkedin,Software Engineer - Early Career,Lockheed Martin,Fort Worth,TX,fulltime,yearly,,,https://www.linkedin.com/jobs/view/3701770659,"Description:By bringing together people that use their passion for purposeful innovation, at Lockheed Martin we keep people safe and solve the world's most complex challenges. Our people are some of the greatest minds in the industry and truly make Lockheed Martin a great place to work. With our employees as our priority, we provide diverse career opportunities designed to propel development and boost agility. Our flexible schedules, competitive pay, and comprehensive benefits enable our employees to live a healthy, fulfilling life at and outside of work. At Lockheed Martin, we place an emphasis on empowering our employees by fostering innovation, integrity, and exemplifying the epitome of corporate responsibility. Your Mission is Ours.Lockheed Martin Aeronautics in Fort Worth, Texas is seeking a full-time Early Career Software Engineer. In this role, you will will span the software development lifecycle, including requirements generation, system and software design and implementation, and integration and test. The successful candidate will have experience and/or knowledge of supporting design and creating software solutions based on limited information on rapidly evolving projects. Must be able to clearly communicate and share design decisions to the team. This role requires a highly motivated, organized engineer with the desire to take on challenging assignments.Must be a US Citizen; this position will require a government security clearance. This position is located at a facility that requires special access.Basic Qualifications Bachelor's degree in Computer Science or Computer Engineering. Other Engineering degrees considered with significant engineering software development experience. Experience with a programming language, such as C/C++, Python, or JavaMust be a US Citizen; this position will require a government security clearance. This position is located at a facility that requires special access.Desired Skills Agile Software Development (e.g. Scrum, Kanban) Agile Process Tools (e.g. JIRA) Software Development Tools (e.g. Visual Studio) Software Configuration Management (e.g. git, bitbucket) Software and systems design and integration Candidate must be dedicated, self-motivated, work well with other engineers, and be willing to accomplish program goals within cost and schedule.Security Clearance Statement: This position requires a government security clearance, you must be a US Citizen for consideration.Clearance Level: SecretOther Important Information You Should KnowExpression of Interest: By applying to this job, you are expressing interest in this position and could be considered for other career opportunities where similar skills and requirements have been identified as a match. Should this match be identified you may be contacted for this and future openings.Ability to Work Remotely: Onsite Full-time: The work associated with this position will be performed onsite at a designated Lockheed Martin facility.Work Schedules: Lockheed Martin supports a variety of alternate work schedules that provide additional flexibility to our employees. Schedules range from standard 40 hours over a five day work week while others may be condensed. These condensed schedules provide employees with additional time away from the office and are in addition to our Paid Time off benefits.Schedule for this Position: 4x10 hour day, 3 days off per weekLockheed Martin is an Equal Opportunity/Affirmative Action Employer. All qualified applicants will receive consideration for employment without regard to race, color, religion, sex, pregnancy, sexual orientation, gender identity, national origin, age, protected veteran status, or disability status.Join us at Lockheed Martin, where your mission is ours. Our customers tackle the hardest missions. Those that demand extraordinary amounts of courage, resilience and precision. They’re dangerous. Critical. Sometimes they even provide an opportunity to change the world and save lives. Those are the missions we care about.As a leading technology innovation company, Lockheed Martin’s vast team works with partners around the world to bring proven performance to our customers’ toughest challenges. Lockheed Martin has employees based in many states throughout the U.S., and Internationally, with business locations in many nations and territories.Experience Level: 4 yr and up CollegeBusiness Unit: AERONAUTICS COMPANYRelocation Available: YesCareer Area: Software EngineeringType: Full-TimeShift: First"
linkedin,Software Engineer,SpiderOak,Austin,TX,fulltime,yearly,,,https://www.linkedin.com/jobs/view/3707174719,"We're only as strong as our weakest link.In the past, launch operations were vertically integrated, allowing space organizations to build cybersecurity systems based on internal trust. Today, the horizontal integration of ground stations, spacecraft, and payloads means trusting third parties with mission-critical data.SpiderOak is committed to building secure and reliable software that protects our customers’ data. Our approach is fundamentally different from most mainstream security companies. Instead of adding layers of security on top of an insecure system, we build software that is inherently secure.SpiderOak builds need-to-know technology that supports customers working in hostile environments. Traditional systems trust IT infrastructure to maintain the whole security system, even though the news is rife with evidence that this model does not work. Our software combines end to end encryption with a distributed ledger (aka Blockchain) technology to offer best-in-class security with no backdoors.Who We NeedA curious, creative, Software Engineer with relevant work experience in an Agile/Scrum environment. You'll have a desire to continue to build your skills and knowledge in Cryptography, or you'll bring some experience with Cryptography to SpiderOak. Someone with experience working in Rust (and C++) who can provide us with knowledge and experience in writing reliable, maintainable code.You will thrive at SpiderOak if you have a sense of initiative and are a self-starter who enjoys working collaboratively across cross-functional teams, with the unique ability to work in a fully remote/virtual environment. What You'll DoDevelop and/or maintain advanced knowledge of computing system integrations and make recommendations or decisions on software and hardware configurations and developments.Provide analysis and recommended design of applications, middleware, and system architecture to solve complex problems.Apply a structured approach to design and implementation of systems and processes.Translate mission and customer requirements into capabilities, testing, and validation of services.Analyze and allocates requirements to system architecture components and oversee the development, testing, and validation of systems and services.Coordinate the integration of systems and services and oversee deployments.Extend our current codebase to provide new capabilities and enhanced assurance and performance.What To ExpectIn the first year in the role, you'll be learning to collaborate with multiple teams in order to understand our product, Orbitsecure. An ability to understand hardware configurations, and how to develop or alter solutions around multiple environments, will be key to your success. All this leads to our ultimate goal: Successfully deploying Orbitsecure in space.Some travel, up to 10%, may be required.SpiderOak Inc. and Mission Systems is a 100% remote-based working environment. Our culture is based on trust and flexibility. We believe our employees are the key to our success, and welcome new ideas and talents.We provide a wide-range of benefits including health care coverage, a 401(k) plan w/employer match, employer paid life insurance policy, short-term and long-term disability policies, paid maternity and paternity leave, PTO, paid sick leave, and other benefits. What We ProvideSpiderOak Inc. and Mission Systems is a 100% remote-based working environment. Our culture is built on trust and flexibility. We believe our employees are the key to our success, and welcome new ideas and talents.We are an equal opportunity employer that is committed to diversity and inclusion in the workplace. We prohibit discrimination and harassment of any kind based on race, color, sex, religion, sexual orientation, national origin, disability, genetic information, pregnancy, or any other protected characteristic as outlined by federal, state, or local laws. In other words, we welcome you just as you are!To learn more about SpiderOak Inc. and Mission Systems, visit our website at:Powered by JazzHRnWYdNY8sRZ"
linkedin,Software Engineer - Early Career,Lockheed Martin,Fort Worth,TX,fulltime,yearly,,,https://www.linkedin.com/jobs/view/3701772329,"Description:By bringing together people that use their passion for purposeful innovation, at Lockheed Martin we keep people safe and solve the world's most complex challenges. Our people are some of the greatest minds in the industry and truly make Lockheed Martin a great place to work. With our employees as our priority, we provide diverse career opportunities designed to propel development and boost agility. Our flexible schedules, competitive pay, and comprehensive benefits enable our employees to live a healthy, fulfilling life at and outside of work. At Lockheed Martin, we place an emphasis on empowering our employees by fostering innovation, integrity, and exemplifying the epitome of corporate responsibility.Your Mission is Ours.Lockheed Martin Aeronautics is seeking a Full Stack Engineer. In this role, you are an integral part of the F-35 Common Reprogramming Tool (CRT) team. The F-35 CRT is a very large software application that is in the early stages of development. It will be used by our F-35 customer Reprogramming Labs to generate the Mission Data File (MDF) sets which are pivotal to implementation of effective missions and overall operation of the F-35 aircraft. After completion of the initial CRT delivery, development will continue with enhancements for complex follow through and data analysis that will continue to enable the leading edge technology that supports our customers' future needs.The ideal candidate will have experience in object-oriented software development and a broad range of software technical skills. A great candidate would enjoy learning new technologies, developing subject matter expertise, and working with collaborative Agile teams to create innovative experiences. This is a great opportunity to get in on the ground floor of a new product, performing software development in a DevOps environment to build the modernized CRT application and expand on its capabilities to enable future technologies.Must be a US Citizen; this position will require a government security clearance. This position is located at a facility that requires special access.Basic Qualifications Bachelor's degree from an accredited college in Computer Engineering, Computer Science, Software Engineering, or equivalent experience Experience developing object-oriented software***Must be a US Citizen. This position will require a government security clearance. This position is located at a facility that requires special access.***Desired Skills Ability to collaborate effectively in Agile team environment Experience with the software development lifecycle including requirements analysis, high- level and detailed design, coding, unit-testing, and continuous integration testing Solid Computer Science fundamentals of data structures, algorithms, and programming patterns Experience with Java, Python, JavaScript, React, or SQL databases/queries Experience with UI/UX design/development Familiarity with building applications using CI/CD Tools (e.g., Jenkins/Gitlab, JIRA, Bitbucket, SonarQube, Fortify, Gradle) Experience with API interfaces, including REST API Experience with software development in a microservice-based or service-oriented architecture Experience with Kubernetes, OpenShift, Spring, or KafkaSecurity Clearance Statement: This position requires a government security clearance, you must be a US Citizen for consideration.Clearance Level: SecretOther Important Information You Should KnowExpression of Interest: By applying to this job, you are expressing interest in this position and could be considered for other career opportunities where similar skills and requirements have been identified as a match. Should this match be identified you may be contacted for this and future openings.Ability to Work Remotely: Onsite Full-time: The work associated with this position will be performed onsite at a designated Lockheed Martin facility.Work Schedules: Lockheed Martin supports a variety of alternate work schedules that provide additional flexibility to our employees. Schedules range from standard 40 hours over a five day work week while others may be condensed. These condensed schedules provide employees with additional time away from the office and are in addition to our Paid Time off benefits.Schedule for this Position: 4x10 hour day, 3 days off per weekLockheed Martin is an Equal Opportunity/Affirmative Action Employer. All qualified applicants will receive consideration for employment without regard to race, color, religion, sex, pregnancy, sexual orientation, gender identity, national origin, age, protected veteran status, or disability status.At Lockheed Martin, we use our passion for purposeful innovation to help keep people safe and solve the world's most complex challenges. Our people are some of the greatest minds in the industry and truly make Lockheed Martin a great place to work.With our employees as our priority, we provide diverse career opportunities designed to propel, develop, and boost agility. Our flexible schedules, competitive pay, and comprehensive benefits enable our employees to live a healthy, fulfilling life at and outside of work. We place an emphasis on empowering our employees by fostering an inclusive environment built upon integrity and corporate responsibility.If this sounds like a culture you connect with, you’re invited to apply for this role. Or, if you are unsure whether your experience aligns with the requirements of this position, we encourage you to search on Lockheed Martin Jobs, and apply for roles that align with your qualifications.Experience Level: 4 yr and up CollegeBusiness Unit: AERONAUTICS COMPANYRelocation Available: YesCareer Area: Software EngineeringType: Full-TimeShift: First"
linkedin,Full-Stack Software Engineer,Rain,New York,NY,fulltime,yearly,,,https://www.linkedin.com/jobs/view/3696158877,"Rain’s mission is to create the fastest and easiest pathways for web3 teams to spend crypto in the real world. We’re a small and mighty team of passionate builders and veteran founders. We are looking for a founding software engineer to join us to build at the cutting edge of the intersection of crypto and fintech. You will have the opportunity to deliver massive impact at a small and quickly growing company that is funded by some of the top investors in fintech and crypto; you would be joining at the earliest possible time. Many of our engineers are based in NYC but we are open to fully remote candidates.Our Ethos:We believe in an open structure and you will be able to grow into the roles that most align with their goals. Our team members at all levels have the freedom to explore ideas and impact the roadmap and vision of our company.In your application please share any DAOs or open source projects you have contributed to.What You'll DoBe a critical part of the technical and product roadmap. Build products across our stack (using React, Typescript, NextJS, Tailwind, NodeJS)Help drive the technical roadmap and architectural decisions as we growInteract with smart contracts across the Crypto ecosystem on multiple chainsWhat We're Looking ForExperience with Javascript, React, Typescript, NextJS, Tailwind, NodeJS (a subset of these works too). A builder mentality, someone who experiments with side projectsDefi curious and looking to gain more exposure to Rust and Solidity smart contractsNice to haves, but not mandatoryFintech experience (neobank or card issuing experience gets extra brownie points)Experience with Dapp contractsExperience contributing to DAOsSkillsJavascriptReactTypescriptNextJSTailwindNodeJSOur perks enable working at Rain to be a fulfilling, healthy and happy experience.Unlimited time off 🛼Unlimited vacation can be daunting, so at Rain we require our teammates to take 10 days minimum for themselves.Flexible working ☕We support a flexible workplace, if you feel comfortable at home please work from home. If you’d like to work with others in an office feel free to come in. We want everyone to be able to work in the environment in which they are their most confident and productive selves.Flexible Benefits 🧠Easy-to-access benefits, for all employees based in the US, Rain pays a percentage of your benefits for the employee and for your dependents. We offer comprehensive health, dental and vision plans as well as a 100% company-subsidized life insurance plan.Equity plan 📦On top of a competitive salary, we offer every Rain employee an equity option plan so we can all can benefit from our success.Rain Cards 🌧️We want our teammates to be knowledgeable about our core products and services and to support this mission we issue a card for our team to utilize the card for testing.Health and Wellness 📚High performance begins from within. Our members are welcome to use their company card for eligible health and wellness spending like gym memberships, fitness classes and other wellness items.Team summits ✨Summits play an important role at Rain! Time spent together helps us get to know each other, strengthen our relationships, and build a common destiny. Stay tuned for upcoming destinations!"
linkedin,Software Engineer,Nike,Portland,OR,contract,yearly,,,https://www.linkedin.com/jobs/view/3693340247,"Work options: FlexibleWe consider remote, on-premises and hybrid rolesBecome a Part of the NIKE, Inc. Team NIKE, Inc. does more than outfit the world’s best athletes. It is a place to explore potential, obliterate boundaries and push out the edges of what can be. The company looks for people who can grow, think, dream and create. Its culture thrives by embracing diversity and rewarding imagination. The brand seeks achievers, leaders and visionaries. At NIKE, Inc. it’s about each person bringing skills and passion to a challenging and constantly evolving game.NIKE is a technology company. From our flagship website and five-star mobile apps to developing products, managing big data and providing leading edge engineering and systems support, our teams at NIKE Global Technology exist to revolutionize the future at the confluence of tech and sport. We invest and develop advances in technology and employ the most creative people in the world, and then give them the support to constantly innovate, iterate and serve consumers more directly and personally. Our teams are innovative, diverse, multidisciplinary and collaborative, taking technology into the future and bringing the world with it.NIKE is a technology company. From our flagship website and five-star mobile apps to developing products, handling big data, and providing groundbreaking engineering and systems support, our teams at NIKE Global Technology exist to redefine the future at the confluence of tech and sport. We invest and develop advances in technology and employ the most creative people in the world, and then give them the support to constantly innovate, iterate and serve consumers more directly and personally. Our teams are innovative, diverse, multidisciplinary, and collaborative, taking technology into the future and bringing the world with it.Who Will You Work WithOur communication technology team seeks to deliver a cohesive digital experience that informs, encourages, and empowers employees to reach their full potential.What You Will Work OnThe application engineer will be responsible for the design, support, development, and testing of internal employee-facing websites and web applications. The engineer will work with internal Nike teams to collect requirements and develop web applications.Design and development of technical solutions that meet the needs of the business and align with architectural and quality standards Use version control systems (GIT, Bitbucket), issue tracking tools (Jira), and CI/CD tools using Jenkins and Terraform. Ensure SLAs (Service Level Agreements) for different interfaces are met and test them by implementing performance tests using various loads. Create dashboards and reports for monitoring system health and early detection of issues using Splunk and New Relic. Provide production support on new and existing applications. Experience with ServiceNow or other incident management tools. Develop the Web crawlers for indexing internal Nike sites. Adhere to principles of Scaled Agile and Scrum. What You BringBachelor’s degree in Computer Science, Information Systems, Business, or other relevant subject areas 1+ years of professional experience in application configuration or development. 1+ years using web building tools like WordPress and Duda. Experience administrating enterprise social media platforms like Workvivo or Workplace. Expertise in combining multiple data sources and building reports using Google Data Studio or Tableau. Familiar with agile processes, continuous integration, and test automation Thrive when operating in broad scope, from conception through the constant operation of 24x7 services to defined SLAs Ability to Collaborate on road maps with Product Managers, Architects and Tech Leads to ensure feasibility and scalability of new features and improvements Expertise using Google Analytics and Tag Manager to measure user engagement."
